,Ligando: lig_0C_tioT_out_0001,Ligando: lig_0C_tioT_out_0002,Ligando: lig_0C_tioT_out_0003,Ligando: lig_0C_tioT_out_0005,Ligando: lig_0C_tioT_out_0007,Ligando: lig_0C_tioT_out_0008,Ligando: lig_0C_tioT_out_0009,Ligando: lig_0C_tioT_out_0010,Ligando: lig_0C_tioT_out_0012,Ligando: lig_0C_tioT_out_0013,Ligando: lig_0C_tioT_out_0014,Ligando: lig_0C_tioT_out_0015,Ligando: lig_0C_tioT_out_0016,Ligando: lig_0C_tioT_out_0017,Ligando: lig_0C_tioT_out_0018,Ligando: lig_0C_tioT_out_0019,Ligando: lig_0C_tioT_out_0020,Ligando: lig_1S_palmitico_out_0001,Ligando: lig_1S_palmitico_out_0002,Ligando: lig_1S_palmitico_out_0003,Ligando: lig_1S_palmitico_out_0004,Ligando: lig_1S_palmitico_out_0005,Ligando: lig_1S_palmitico_out_0006,Ligando: lig_1S_palmitico_out_0007,Ligando: lig_1S_palmitico_out_0008,Ligando: lig_1S_palmitico_out_0009,Ligando: lig_1S_palmitico_out_0010,Ligando: lig_1S_palmitico_out_0011,Ligando: lig_1S_palmitico_out_0012,Ligando: lig_1S_palmitico_out_0013,Ligando: lig_1S_palmitico_out_0014,Ligando: lig_1S_palmitico_out_0015,Ligando: lig_1S_palmitico_out_0016,Ligando: lig_1S_palmitico_out_0017,Ligando: lig_1S_palmitico_out_0018,Ligando: lig_1S_palmitico_out_0019,Ligando: lig_1S_palmitico_out_0020,Ligando: lig_2M_oleico_out_0001,Ligando: lig_2M_oleico_out_0002,Ligando: lig_2M_oleico_out_0003,Ligando: lig_2M_oleico_out_0004,Ligando: lig_2M_oleico_out_0005,Ligando: lig_2M_oleico_out_0006,Ligando: lig_2M_oleico_out_0007,Ligando: lig_2M_oleico_out_0008,Ligando: lig_2M_oleico_out_0009,Ligando: lig_2M_oleico_out_0010,Ligando: lig_2M_oleico_out_0011,Ligando: lig_2M_oleico_out_0012,Ligando: lig_2M_oleico_out_0013,Ligando: lig_2M_oleico_out_0014,Ligando: lig_2M_oleico_out_0015,Ligando: lig_2M_oleico_out_0016,Ligando: lig_2M_oleico_out_0017,Ligando: lig_2M_oleico_out_0018,Ligando: lig_2M_oleico_out_0019,Ligando: lig_2M_oleico_out_0020,Ligando: lig_3P_araquidonico_out_0001,Ligando: lig_3P_araquidonico_out_0002,Ligando: lig_3P_araquidonico_out_0003,Ligando: lig_3P_araquidonico_out_0004,Ligando: lig_3P_araquidonico_out_0005,Ligando: lig_3P_araquidonico_out_0006,Ligando: lig_3P_araquidonico_out_0007,Ligando: lig_3P_araquidonico_out_0008,Ligando: lig_3P_araquidonico_out_0009,Ligando: lig_3P_araquidonico_out_0010,Ligando: lig_3P_araquidonico_out_0011,Ligando: lig_3P_araquidonico_out_0012,Ligando: lig_3P_araquidonico_out_0013,Ligando: lig_3P_araquidonico_out_0014,Ligando: lig_3P_araquidonico_out_0015,Ligando: lig_3P_araquidonico_out_0016,Ligando: lig_3P_araquidonico_out_0017,Ligando: lig_3P_araquidonico_out_0018,Ligando: lig_3P_araquidonico_out_0019,Ligando: lig_3P_araquidonico_out_0020,Ligando: lig_3P_doco_out_0001,Ligando: lig_3P_doco_out_0002,Ligando: lig_3P_doco_out_0003,Ligando: lig_3P_doco_out_0004,Ligando: lig_3P_doco_out_0005,Ligando: lig_3P_doco_out_0006,Ligando: lig_3P_doco_out_0007,Ligando: lig_3P_doco_out_0008,Ligando: lig_3P_doco_out_0009,Ligando: lig_3P_doco_out_0010,Ligando: lig_3P_doco_out_0011,Ligando: lig_3P_doco_out_0012,Ligando: lig_3P_doco_out_0013,Ligando: lig_3P_doco_out_0014,Ligando: lig_3P_doco_out_0015,Ligando: lig_3P_doco_out_0016,Ligando: lig_3P_doco_out_0017,Ligando: lig_3P_doco_out_0018,Ligando: lig_3P_doco_out_0019,Ligando: lig_3P_doco_out_0020,Ligando: lig_0C_tioT_out_C5_2_0007,Ligando: lig_0C_tioT_out_C5_2_0019,Ligando: lig_1S_palmitico_out_C5_2_0001,Ligando: lig_1S_palmitico_out_C5_2_0002,Ligando: lig_1S_palmitico_out_C5_2_0003,Ligando: lig_1S_palmitico_out_C5_2_0005,Ligando: lig_1S_palmitico_out_C5_2_0006,Ligando: lig_1S_palmitico_out_C5_2_0007,Ligando: lig_1S_palmitico_out_C5_2_0008,Ligando: lig_1S_palmitico_out_C5_2_0009,Ligando: lig_1S_palmitico_out_C5_2_0012,Ligando: lig_1S_palmitico_out_C5_2_0013,Ligando: lig_1S_palmitico_out_C5_2_0014,Ligando: lig_1S_palmitico_out_C5_2_0015,Ligando: lig_1S_palmitico_out_C5_2_0016,Ligando: lig_1S_palmitico_out_C5_2_0017,Ligando: lig_1S_palmitico_out_C5_2_0018,Ligando: lig_1S_palmitico_out_C5_2_0020,Ligando: lig_2M_oleico_out_C5_2_0001,Ligando: lig_2M_oleico_out_C5_2_0002,Ligando: lig_2M_oleico_out_C5_2_0004,Ligando: lig_2M_oleico_out_C5_2_0005,Ligando: lig_2M_oleico_out_C5_2_0006,Ligando: lig_2M_oleico_out_C5_2_0007,Ligando: lig_2M_oleico_out_C5_2_0008,Ligando: lig_2M_oleico_out_C5_2_0009,Ligando: lig_2M_oleico_out_C5_2_0011,Ligando: lig_2M_oleico_out_C5_2_0012,Ligando: lig_2M_oleico_out_C5_2_0013,Ligando: lig_2M_oleico_out_C5_2_0014,Ligando: lig_2M_oleico_out_C5_2_0017,Ligando: lig_2M_oleico_out_C5_2_0018,Ligando: lig_2M_oleico_out_C5_2_0019,Ligando: lig_2M_oleico_out_C5_2_0020,Ligando: lig_3P_araquidonico_out_C5_2_0001,Ligando: lig_3P_araquidonico_out_C5_2_0002,Ligando: lig_3P_araquidonico_out_C5_2_0003,Ligando: lig_3P_araquidonico_out_C5_2_0004,Ligando: lig_3P_araquidonico_out_C5_2_0005,Ligando: lig_3P_araquidonico_out_C5_2_0006,Ligando: lig_3P_araquidonico_out_C5_2_0007,Ligando: lig_3P_araquidonico_out_C5_2_0008,Ligando: lig_3P_araquidonico_out_C5_2_0009,Ligando: lig_3P_araquidonico_out_C5_2_0012,Ligando: lig_3P_araquidonico_out_C5_2_0013,Ligando: lig_3P_araquidonico_out_C5_2_0014,Ligando: lig_3P_araquidonico_out_C5_2_0015,Ligando: lig_3P_araquidonico_out_C5_2_0016,Ligando: lig_3P_araquidonico_out_C5_2_0017,Ligando: lig_3P_araquidonico_out_C5_2_0018,Ligando: lig_3P_araquidonico_out_C5_2_0019,Ligando: lig_3P_araquidonico_out_C5_2_0020,Ligando: lig_3P_doco_out_C5_2_0001,Ligando: lig_3P_doco_out_C5_2_0003,Ligando: lig_3P_doco_out_C5_2_0004,Ligando: lig_3P_doco_out_C5_2_0005,Ligando: lig_3P_doco_out_C5_2_0006,Ligando: lig_3P_doco_out_C5_2_0007,Ligando: lig_3P_doco_out_C5_2_0008,Ligando: lig_3P_doco_out_C5_2_0009,Ligando: lig_3P_doco_out_C5_2_0010,Ligando: lig_3P_doco_out_C5_2_0011,Ligando: lig_3P_doco_out_C5_2_0012,Ligando: lig_3P_doco_out_C5_2_0013,Ligando: lig_3P_doco_out_C5_2_0014,Ligando: lig_3P_doco_out_C5_2_0015,Ligando: lig_3P_doco_out_C5_2_0016,Ligando: lig_3P_doco_out_C5_2_0017,Ligando: lig_3P_doco_out_C5_2_0018,Ligando: lig_3P_doco_out_C5_2_0019,Ligando: lig_3P_doco_out_C5_2_0020
ALA,,,,,,,,,,,,,,,,,,,,,,,,,,,,,,,,,,,,,,,,,,,,,,,,,,,,,,,,,,,,,,,,,,,,,,,,,ALA,,,,,,,,,ALA,,,,,,,,,,,,,,,,,,,,ALA,,,,,ALA,,,,,,,,,,,,,,,,,,,,,ALA,,,,,,,,,,,,,ALA,,,,,,,,,,,,,,,,,,,,,,,,,,,
ASN,,,,,,,,,,,,ASN,ASN,ASN,ASN,ASN,ASN,,,ASN,ASN,ASN,ASN,ASN,ASN,ASN,ASN,ASN,ASN,ASN,ASN,ASN,ASN,ASN,ASN,ASN,ASN,ASN,ASN,ASN,ASN,ASN,ASN,ASN,ASN,ASN,ASN,ASN,ASN,ASN,ASN,ASN,ASN,ASN,ASN,ASN,,ASN,ASN,ASN,ASN,ASN,ASN,ASN,ASN,ASN,ASN,ASN,ASN,,ASN,ASN,,,ASN,ASN,,ASN,ASN,ASN,ASN,ASN,ASN,ASN,ASN,ASN,ASN,ASN,,ASN,ASN,ASN,ASN,ASN,ASN,ASN,ASN,,ASN,ASN,ASN,ASN,ASN,ASN,ASN,ASN,ASN,ASN,ASN,ASN,ASN,ASN,ASN,ASN,ASN,ASN,ASN,ASN,ASN,ASN,ASN,ASN,ASN,ASN,ASN,ASN,ASN,ASN,ASN,ASN,ASN,ASN,ASN,,ASN,ASN,ASN,ASN,ASN,ASN,ASN,ASN,ASN,ASN,ASN,ASN,ASN,ASN,ASN,ASN,ASN,ASN,ASN,ASN,ASN,ASN,ASN,ASN,ASN,ASN,ASN,ASN,ASN,ASN,ASN,ASN,ASN,ASN
GLN,,,,,,,,,,,,,,,,,GLN,,,GLN,GLN,GLN,GLN,GLN,GLN,GLN,GLN,GLN,GLN,GLN,GLN,GLN,GLN,GLN,GLN,GLN,GLN,GLN,GLN,GLN,GLN,GLN,GLN,GLN,GLN,GLN,GLN,GLN,GLN,GLN,GLN,GLN,GLN,GLN,GLN,GLN,,GLN,GLN,GLN,GLN,GLN,GLN,GLN,GLN,GLN,GLN,GLN,GLN,,GLN,GLN,,,GLN,GLN,,GLN,GLN,GLN,GLN,GLN,GLN,GLN,GLN,GLN,GLN,GLN,,GLN,GLN,GLN,GLN,GLN,GLN,GLN,GLN,,GLN,GLN,,GLN,GLN,GLN,GLN,GLN,GLN,GLN,GLN,GLN,GLN,GLN,GLN,GLN,GLN,GLN,GLN,GLN,GLN,GLN,GLN,GLN,GLN,GLN,GLN,GLN,GLN,GLN,GLN,GLN,GLN,GLN,GLN,,GLN,GLN,GLN,GLN,GLN,GLN,GLN,GLN,GLN,GLN,GLN,GLN,GLN,GLN,GLN,GLN,GLN,GLN,GLN,GLN,GLN,GLN,GLN,GLN,GLN,GLN,GLN,GLN,GLN,GLN,GLN,GLN,GLN,GLN
GLY,,,,,,,,,,,,GLY,GLY,GLY,GLY,GLY,GLY,,,GLY,GLY,GLY,GLY,GLY,GLY,GLY,GLY,GLY,GLY,GLY,GLY,GLY,GLY,GLY,GLY,GLY,GLY,GLY,GLY,GLY,GLY,GLY,GLY,GLY,GLY,GLY,GLY,GLY,GLY,GLY,GLY,GLY,GLY,GLY,GLY,GLY,,GLY,GLY,GLY,GLY,GLY,GLY,GLY,GLY,GLY,GLY,GLY,GLY,,GLY,GLY,GLY,,GLY,GLY,,GLY,GLY,GLY,GLY,GLY,GLY,GLY,GLY,GLY,GLY,GLY,,GLY,GLY,GLY,GLY,GLY,GLY,GLY,GLY,,GLY,GLY,GLY,GLY,GLY,GLY,GLY,GLY,GLY,GLY,GLY,GLY,GLY,GLY,GLY,GLY,GLY,GLY,GLY,GLY,GLY,GLY,GLY,GLY,GLY,GLY,GLY,GLY,GLY,GLY,GLY,GLY,GLY,GLY,GLY,,GLY,GLY,GLY,GLY,GLY,GLY,GLY,GLY,GLY,GLY,GLY,GLY,GLY,GLY,GLY,GLY,GLY,GLY,GLY,GLY,GLY,GLY,GLY,GLY,GLY,GLY,GLY,GLY,GLY,GLY,GLY,GLY,GLY,GLY
LEU,,,,,,,,,,,,,,,,LEU,LEU,,,LEU,LEU,LEU,LEU,LEU,LEU,LEU,LEU,LEU,LEU,LEU,LEU,,LEU,LEU,LEU,LEU,,LEU,LEU,LEU,LEU,LEU,LEU,LEU,LEU,LEU,LEU,LEU,LEU,LEU,LEU,LEU,LEU,LEU,LEU,LEU,,LEU,LEU,LEU,LEU,,LEU,LEU,LEU,LEU,LEU,,LEU,,LEU,LEU,,,LEU,LEU,,LEU,LEU,LEU,,LEU,,LEU,LEU,LEU,LEU,LEU,,LEU,LEU,LEU,,LEU,LEU,LEU,LEU,,LEU,LEU,,LEU,LEU,LEU,LEU,LEU,LEU,LEU,LEU,LEU,LEU,LEU,LEU,LEU,LEU,LEU,LEU,LEU,LEU,LEU,LEU,LEU,LEU,LEU,LEU,LEU,LEU,LEU,LEU,LEU,LEU,LEU,LEU,,LEU,LEU,LEU,LEU,LEU,LEU,LEU,LEU,LEU,LEU,LEU,LEU,LEU,LEU,LEU,LEU,LEU,LEU,LEU,LEU,LEU,,,LEU,LEU,LEU,LEU,LEU,LEU,LEU,LEU,LEU,LEU,LEU
LYS,LYS,LYS,LYS,LYS,LYS,LYS,LYS,LYS,LYS,LYS,LYS,LYS,LYS,LYS,LYS,LYS,LYS,LYS,LYS,LYS,LYS,LYS,LYS,LYS,LYS,LYS,LYS,LYS,LYS,LYS,LYS,LYS,LYS,LYS,LYS,LYS,LYS,LYS,LYS,LYS,LYS,LYS,LYS,LYS,LYS,LYS,LYS,LYS,LYS,LYS,LYS,LYS,LYS,LYS,LYS,LYS,LYS,LYS,LYS,LYS,LYS,LYS,LYS,LYS,LYS,LYS,LYS,LYS,LYS,LYS,LYS,LYS,,LYS,LYS,LYS,LYS,LYS,LYS,LYS,LYS,LYS,LYS,LYS,LYS,LYS,LYS,LYS,LYS,LYS,LYS,LYS,LYS,LYS,LYS,LYS,LYS,LYS,LYS,LYS,LYS,LYS,LYS,LYS,LYS,LYS,LYS,LYS,LYS,LYS,,LYS,LYS,LYS,LYS,LYS,LYS,LYS,LYS,LYS,LYS,LYS,LYS,LYS,LYS,LYS,LYS,LYS,LYS,LYS,LYS,LYS,LYS,LYS,LYS,LYS,LYS,LYS,LYS,LYS,LYS,LYS,LYS,LYS,LYS,LYS,LYS,LYS,LYS,LYS,LYS,LYS,LYS,LYS,LYS,LYS,LYS,LYS,LYS,LYS,LYS,LYS,LYS,LYS,LYS,LYS,LYS,LYS
PHE,,,,,,,,,,,,,,,,,,,,,,,,,,,,,,,,,,,,,,,,,,,,,,,,,,,,,,,,,,,,,,,,,,,,,,,,,PHE,,,,,,,,,,,,,,,,,,,,,,,,,,,,,,,,,,,,,,,,,,,,,,,,,,,,,,,,,,,,,,,,,,,,,,,,,,,,,,,,,,,,,,,,,,,,,,,
Rep,Rep,Rep,Rep,Rep,Rep,Rep,Rep,Rep,Rep,Rep,Rep,Rep,Rep,Rep,Rep,Rep,Rep,Rep,Rep,Rep,Rep,Rep,Rep,Rep,Rep,Rep,Rep,Rep,Rep,Rep,Rep,Rep,Rep,Rep,Rep,Rep,Rep,Rep,Rep,Rep,Rep,Rep,Rep,Rep,Rep,Rep,Rep,Rep,Rep,Rep,Rep,Rep,Rep,Rep,Rep,Rep,Rep,Rep,Rep,Rep,Rep,Rep,Rep,Rep,Rep,Rep,Rep,Rep,Rep,Rep,Rep,Rep,Rep,Rep,Rep,Rep,Rep,Rep,Rep,Rep,Rep,Rep,Rep,Rep,Rep,Rep,Rep,Rep,Rep,Rep,Rep,Rep,Rep,Rep,Rep,Rep,Rep,Rep,Rep,Rep,Rep,Rep,Rep,Rep,Rep,Rep,Rep,Rep,Rep,Rep,Rep,Rep,Rep,Rep,Rep,Rep,Rep,Rep,Rep,Rep,Rep,Rep,Rep,Rep,Rep,Rep,Rep,Rep,Rep,Rep,Rep,Rep,Rep,Rep,Rep,Rep,Rep,Rep,Rep,Rep,Rep,Rep,Rep,Rep,Rep,Rep,Rep,Rep,Rep,Rep,Rep,Rep,Rep,Rep,Rep,Rep,Rep,Rep,Rep,Rep,Rep,Rep,Rep,Rep,Rep,Rep,Rep,Rep
SER,,,,,,,,,,,,,,,,,,,,,,,,,,,,,,,,,,,,,,,,,,,,,,,,,,,,,,,,,,,,,,,,,,,,,,,,,,,,,,,,,,,,,,,,,SER,,,,,,,,,,,,,,,,,,,,,,,,,,,,,,,,,,,,,,,,,,,,,,,,,,,,,,,,,,,,,,,,,,,,,,,,,,,,,,,
THR,,,,,,,,,,,,THR,THR,THR,THR,THR,THR,,,THR,THR,THR,THR,THR,THR,THR,THR,THR,THR,THR,THR,THR,THR,,THR,THR,THR,THR,THR,THR,,THR,THR,THR,THR,THR,THR,THR,THR,THR,THR,THR,THR,THR,,THR,,THR,,THR,THR,THR,THR,THR,THR,THR,THR,THR,THR,THR,THR,THR,THR,,THR,THR,,THR,THR,THR,THR,THR,THR,THR,THR,THR,THR,THR,,THR,THR,THR,THR,THR,THR,THR,THR,,THR,THR,THR,THR,THR,THR,THR,THR,,THR,THR,THR,,,THR,THR,THR,THR,THR,THR,THR,,THR,THR,THR,THR,THR,THR,THR,THR,THR,THR,THR,THR,THR,,THR,THR,,,THR,THR,THR,THR,THR,THR,THR,THR,THR,THR,THR,THR,THR,THR,,THR,THR,THR,THR,THR,THR,THR,THR,THR,THR,THR,THR,THR,THR,THR
TYR,TYR,TYR,TYR,TYR,TYR,TYR,TYR,TYR,TYR,TYR,TYR,,,,,,,TYR,TYR,,,,,,,,,,,,,,,,,,,,,,,,,,,,,,,,,,,,,,,,,,,,,,,,,,,,,,,,,,,,,,,,,,,,,,TYR,,,,,,,,,TYR,,,,,,,,,,,,,,,,,,,,,,,,,,,,,,,,,,,,TYR,,,,,,,,,,,,,,,,,,,,,,,,,,,,,,,,,,
VAL,VAL,VAL,VAL,VAL,VAL,VAL,VAL,VAL,VAL,VAL,VAL,,,,,,,VAL,VAL,VAL,VAL,VAL,VAL,VAL,VAL,VAL,VAL,VAL,VAL,VAL,VAL,VAL,VAL,VAL,VAL,VAL,VAL,VAL,VAL,VAL,VAL,VAL,VAL,VAL,VAL,VAL,VAL,VAL,VAL,VAL,VAL,VAL,VAL,VAL,VAL,VAL,VAL,VAL,VAL,VAL,VAL,VAL,VAL,VAL,VAL,VAL,VAL,VAL,VAL,VAL,VAL,VAL,VAL,VAL,VAL,VAL,VAL,VAL,VAL,VAL,VAL,VAL,VAL,VAL,VAL,VAL,VAL,VAL,VAL,VAL,VAL,VAL,VAL,VAL,VAL,VAL,VAL,VAL,VAL,VAL,VAL,VAL,VAL,VAL,VAL,VAL,VAL,VAL,VAL,VAL,VAL,VAL,VAL,VAL,VAL,VAL,VAL,VAL,VAL,VAL,VAL,VAL,VAL,VAL,VAL,VAL,VAL,VAL,VAL,VAL,VAL,VAL,VAL,VAL,VAL,VAL,VAL,VAL,VAL,VAL,VAL,VAL,VAL,VAL,VAL,VAL,VAL,VAL,VAL,VAL,VAL,VAL,VAL,VAL,VAL,VAL,VAL,VAL,VAL,VAL,VAL,VAL,VAL,VAL,VAL,VAL,VAL,VAL
